{"train_rows": 49059, "val_rows": 5451, "labels": ["prompt_injection", "exfiltration_intent", "host_takeover_or_jailbreak"], "thresholds": {"prompt_injection": 0.475, "exfiltration_intent": 0.85, "host_takeover_or_jailbreak": 0.675}, "classification_report": {"prompt_injection": {"precision": 0.8648995297135528, "recall": 0.8761368557817237, "f1-score": 0.8704819277108434, "support": 2309.0}, "exfiltration_intent": {"precision": 0.8111587982832618, "recall": 0.7620967741935484, "f1-score": 0.7858627858627859, "support": 248.0}, "host_takeover_or_jailbreak": {"precision": 0.8723150357995226, "recall": 0.8297389330306469, "f1-score": 0.8504944735311227, "support": 1762.0}, "micro avg": {"precision": 0.8648775894538606, "recall": 0.8506598749710581, "f1-score": 0.8577098167386483, "support": 4319.0}, "macro avg": {"precision": 0.8494577879321122, "recall": 0.822657521001973, "f1-score": 0.8356130623682506, "support": 4319.0}, "weighted avg": {"precision": 0.8648389648440846, "recall": 0.8506598749710581, "f1-score": 0.8574688595369638, "support": 4319.0}, "samples avg": {"precision": 0.37448786155445485, "recall": 0.36348070690393197, "f1-score": 0.366617745979331, "support": 4319.0}}}