{"train_rows": 26091, "val_rows": 2899, "labels": ["prompt_injection", "exfiltration_intent", "host_takeover_or_jailbreak"], "thresholds": {"prompt_injection": 0.3, "exfiltration_intent": 0.25, "host_takeover_or_jailbreak": 0.25}, "classification_report": {"prompt_injection": {"precision": 0.9966703662597114, "recall": 0.9933628318584071, "f1-score": 0.9950138504155125, "support": 904.0}, "exfiltration_intent": {"precision": 1.0, "recall": 0.9960474308300395, "f1-score": 0.998019801980198, "support": 253.0}, "host_takeover_or_jailbreak": {"precision": 1.0, "recall": 0.9959349593495935, "f1-score": 0.9979633401221996, "support": 246.0}, "micro avg": {"precision": 0.9978540772532188, "recall": 0.9942979330007128, "f1-score": 0.9960728311317386, "support": 1403.0}, "macro avg": {"precision": 0.9988901220865705, "recall": 0.9951150740126801, "f1-score": 0.99699899750597, "support": 1403.0}, "weighted avg": {"precision": 0.997854605202266, "recall": 0.9942979330007128, "f1-score": 0.9960730665336239, "support": 1403.0}, "samples avg": {"precision": 0.3097619868920317, "recall": 0.3097619868920317, "f1-score": 0.3097619868920317, "support": 1403.0}}}